Genidalva Rosalia Da S Meira,dalva.meira@dextra-sw.com
Edmagne Lira Dos Santos,edmagne.santos@dextra-sw.com
Marcel Danilo Canova Falcao,marcel.falcao@dextra-sw.com
Gisele Aparecida M Nascimento,gisele.meira@dextra-sw.com
Cibele Ribeiro Agugliari,cibele.agugliari@dextra-sw.com
Danilo A Pinheiro Dos Santos,danilo.pinheiro@dextra.com.br
Luis Fernando Oliveira De Lima,luis.lima@dextra-sw.com
Daniele Abrantes Ferraz Sencio,daniele.ferraz@dextra-sw.com
Guilherme De Freitas Laranja,guilherme.laranja@dextra-sw.com
Tibeti Caviglioni Daniel,tibeti@dextra-sw.com
Bruno Lacerda Camarini,bruno.camarini@dextra-sw.com
Renato Ferreira Soares,renato.soares@dextra-sw.com
Evellyn Zagui De Almeida,evellyn.almeida@dextra-sw.com
Andre Luis Da Silva,asilva@dextra-sw.com
Luiza Chaib De Souza Coelho,luiza.coelho@dextra-sw.com
Rafael Solci,rafael.solci@dextra-sw.com
Raoni Fortes Normanton,raoni@dextra-sw.com
Antonio Cesar Rodrigues Borges,cesar.borges@dextra-sw.com
Alexandre Augusto Leite Costa,alexandre@dextra-sw.com
Bruno Schionato,bruno.schionato@dextra-sw.com
Everton Luiz A Gago Junior,everton.gago@dextra-sw.com
Daniel Da Silva Domingues,daniel.silva@dextra-sw.com
Paula Tamaoki Guatura,paula.guatura@dextra-sw.com
Gabriel Otero,gabriel.otero@dextra-sw.com
Tomas Silva Queiroga,tomas.queiroga@dextra-sw.com
Allan Rodrigues Da Silva,allan.rodrigues@dextra-sw.com
Emmy Tajima,emmy.tajima@dextra-sw.com
Felipe Barreto Volpone,felipe.volpone@dextra-sw.com
Jefferson Cavalcanti Venancio,jefferson.venancio@dextra-sw.com
Leonardo Castilho Couto,leonardo.couto@dextra-sw.com
Lucas Piscello Cosme,lucas.cosme@dextra-sw.com
Oliver Hager,oliver.hager@dextra-sw.com
Agel Gustavo Turim Silverio,gustavo.silverio@dextra-sw.com
Samuel Negri Morais,samuel.moraes@dextra-sw.com
Celio Augusto Rezende,celio.rezende@dextra-sw.com
Robison Goncalves Tesini,robison.tesini@dextra-sw.com
Edna Harumi Moriya,edna.moriya@dextra-sw.com
Danilo Pereira De Luca,danilo.luca@dextra-sw.com
Matheus Martins Lopes,matheus.lopes@dextra-sw.com
Marco Antonio Bordon,marco.bordon@dextra-sw.com
Gabriel Ferreira Soares,gabriel.ferreira@dextra-sw.com
Jose Romualdo Dos Santos Neto,romualdo.neto@dextra-sw.com
Guilherme Gotardo,guilherme.gotardo@dextra-sw.com
Guilherme Castillo Quattrer,guilherme.quattrer@dextra-sw.com
Andre Rezende Cruvinel,andre.cruvinel@dextra-sw.com
Katy Cristina P De Magalhaes,katy.magalhaes@dextra-sw.com
Thiago Augusto Quintanilha,thiago.quintanilha@dextra-sw.com
Tamires Marques Gomes,tamires.gomes@dextra-sw.com
Gabriel Brito De Araujo,gabriel.brito@dextra-sw.com
Stefani Elizabeth N Fernandes,stefani.fernandes@dextra-sw.com
Juliana Ruiz Furtado,juliana.furtado@dextra-sw.com
Webster Henrique C De Lima,webster.lima@dextra-sw.com
Fernando Oliveira Ultremare,fernando@dextra-sw.com
Bruno Masetto Sander,bruno.masetto@dextra-sw.com
Fabio Lourenco Caldeira,fabio.caldeira@dextra-sw.com
Gabriela Pereira Neri,gabriela.neri@dextra-sw.com
Guilherme M De F Murari,guilherme.murari@dextra-sw.com
Luan Marchini Nico,luan.nico@dextra-sw.com
Matheus Martins Do Rego,matheus.martins@dextra-sw.com
Wilson Ricardo Martins L Jr,wilson.martins@dextra-sw.com
Thiago Avila Diogo Feustel,thiago.feustel@dextra-sw.com
Rodrigo Romero,rodrigo.romero@dextra-sw.com
Franciane Andreia De Oliveira,franciane.oliveira@dextra-sw.com
Marinalva Alves Dos Santos,nalva.santos@dextra-sw.com
Gislaine Almeida B De Melo,gislaine.melo@dextra-sw.com
Fernando Rodrigues Nomura,fernando.nomura@dextra-sw.com
Thiago Augusto De Castro Chaga,thiago.chagas@dextra-sw.com
Murilo Ferreira Silva Camargo,murilo.ferreira@dextra-sw.com
Renato Freire Ricardo,renato.freire@dextra-sw.com
Thiago Bortoletto,thiago.bortoletto@dextra-sw.com
Renan Teixeira De Souza,renan.souza@dextra-sw.com
Diego Farias Da Silva,diego.farias@dextra-sw.com
Evaldo Marques De Paula Junior,junior.marques@dextra-sw.com
Lariane Rossanese Pinto,lariane.rossanese@dextra-sw.com
Ana Cristine R Veneziani,ana.veneziani@dextra-sw.com
Vandilson Santos Lima,vandilson.lima@dextra-sw.com
Guilherme Menon Machado,guilherme.machado@dextra-sw.com
Camila Campana,camila.campana@dextra-sw.com
Anderson Sumitomo Otuka,anderson.otuka@dextra-sw.com
Denis Alberto Baldo,denis.baldo@dextra-sw.com
Loiana Marine Gomes,loiana.gomes@dextra-sw.com
Victor Emanuel Perticarrari,victor.osorio@dextra-sw.com
Bruno Mattoso Goncalves,bruno.goncalves@dextra-sw.com
Joao Vitor Gengo Vendrame,joao.vendrame@dextra-sw.com
Maria Ap Barrem De Souza,maria.souza@dextra-sw.com
Vinicius Rodrigues Moreti,vinicius.moreti@dextra-sw.com
Felipe Pereira Tome Dos Santos,felipe.pereira@dextra-sw.com
Diego Da Silva Cunha,diego.cunha@dextra-sw.com
Luiz Henrique Rossetti,luiz.rossetti@dextra-sw.com
Tulio Bazan Da Silva,tulio.bazan@dextra-sw.com
Paulo Henrique Murer,murer@dextra-sw.com
Joao Rodrigo Zamboni,joao.zamboni@dextra-sw.com
Renan Afonso Rossi,renan.rossi@dextra-sw.com
Eduarda Gabriela Takami Leao,eduarda.leao@dextra-sw.com
Felipe Lucas Da Silva,felipe.lucas@dextra-sw.com
Vitor Popolin De Araujo Cunha,vitor.popolin@dextra-sw.com
Silvio Andre Xavier,silvio.xavier@dextra-sw.com
Paul Joseph Baldi Jr,paul.baldi@dextra-sw.com
Jose Demerval Zechel Junior,jose.junior@dextra-sw.com
Thiago Favaro Padilha,thiago.padilha@dextra-sw.com
Vagner De Souza,vagner.souza@dextra-sw.com
Luiz Eduardo Martins,luiz.martins@dextra-sw.com
Julia Martins E Melo,julia.melo@dextra-sw.com
Lucas Kendy Cantelli,lucas.cantelli@dextra-sw.com
Marina Guimaraes,marina.guimaraes@dextra-sw.com
Renan Matheus Correia Araujo,renan.araujo@dextra-sw.com
Thaissa Candella,thaissa.candella@dextra-sw.com
William Goncalves Da Cruz,william.cruz@dextra-sw.com
Liliane Andrade Da Silva,liliane.silva@dextra-sw.com
Eduardo Sigrist Coppo,ecoppo@dextra-sw.com
Bill Willian C De Oliveira,bill@dextra-sw.com
Luis Eduardo Dosso,dosso@dextra-sw.com
Pedro Marinho Zaroni,pedro.zaroni@dextra-sw.com
